,scenario,version,library,input,time,time in ms,# loops
0,pipeline3,sequential,lists,1,8.141078054904938,8.141078054904938,1
1,pipeline3,sequential,lists,1,5.379108712077141,5.379108712077141,1
2,pipeline3,sequential,lists,1,5.347002297639847,5.347002297639847,1
3,pipeline3,sequential,lists,1,4.940904676914215,4.940904676914215,1
4,pipeline3,sequential,lists,1,4.950243979692459,4.950243979692459,1
5,pipeline3,sequential,lists,1,4.974648356437683,4.974648356437683,1
6,pipeline3,sequential,lists,1,4.986649379134178,4.986649379134178,1
7,pipeline3,sequential,lists,1,4.987524822354317,4.987524822354317,1
8,pipeline3,sequential,lists,1,4.975546151399612,4.975546151399612,1
9,pipeline3,sequential,lists,1,4.957620054483414,4.957620054483414,1
10,pipeline3,sequential,lists,1,4.907742142677307,4.907742142677307,1
11,pipeline3,sequential,lists,1,4.917467013001442,4.917467013001442,1
12,pipeline3,sequential,lists,1,4.90831770002842,4.90831770002842,1
13,pipeline3,sequential,lists,1,7.17751681804657,7.17751681804657,1
14,pipeline3,sequential,lists,1,8.038215339183807,8.038215339183807,1
15,pipeline3,sequential,lists,1,8.037392050027847,8.037392050027847,1
16,pipeline3,sequential,lists,1,8.070020005106926,8.070020005106926,1
17,pipeline3,sequential,lists,1,8.035717532038689,8.035717532038689,1
18,pipeline3,sequential,lists,1,8.080316707491875,8.080316707491875,1
19,pipeline3,sequential,lists,1,8.076861500740051,8.076861500740051,1
20,pipeline3,sequential,lists,1,8.111471310257912,8.111471310257912,1
21,pipeline3,sequential,lists,1,8.085090667009354,8.085090667009354,1
22,pipeline3,sequential,lists,1,8.109897375106812,8.109897375106812,1
23,pipeline3,sequential,lists,1,8.067188784480095,8.067188784480095,1
24,pipeline3,sequential,lists,1,8.027344942092896,8.027344942092896,1
25,pipeline3,sequential,lists,1,8.054114878177643,8.054114878177643,1
26,pipeline3,sequential,lists,1,8.120659738779068,8.120659738779068,1
27,pipeline3,sequential,lists,1,7.983753457665443,7.983753457665443,1
28,pipeline3,sequential,lists,1,7.957072928547859,7.957072928547859,1
29,pipeline3,sequential,lists,1,4.976406693458557,4.976406693458557,1
30,pipeline3,sequential,lists,10,49.53337274491787,49.53337274491787,10
31,pipeline3,sequential,lists,10,49.29502494633198,49.29502494633198,10
32,pipeline3,sequential,lists,10,50.7473386824131,50.7473386824131,10
33,pipeline3,sequential,lists,10,49.27464760839939,49.27464760839939,10
34,pipeline3,sequential,lists,10,49.6706310659647,49.6706310659647,10
35,pipeline3,sequential,lists,10,49.24646764993668,49.24646764993668,10
36,pipeline3,sequential,lists,10,49.23618957400322,49.23618957400322,10
37,pipeline3,sequential,lists,10,49.62994158267975,49.62994158267975,10
38,pipeline3,sequential,lists,10,49.28184859454632,49.28184859454632,10
39,pipeline3,sequential,lists,10,49.72095601260662,49.72095601260662,10
40,pipeline3,sequential,lists,10,49.25774782896042,49.25774782896042,10
41,pipeline3,sequential,lists,10,49.23969320952892,49.23969320952892,10
42,pipeline3,sequential,lists,10,49.74834434688091,49.74834434688091,10
43,pipeline3,sequential,lists,10,49.50478672981262,49.50478672981262,10
44,pipeline3,sequential,lists,10,49.21561293303967,49.21561293303967,10
45,pipeline3,sequential,lists,10,49.643974751234055,49.643974751234055,10
46,pipeline3,sequential,lists,10,49.35714043676853,49.35714043676853,10
47,pipeline3,sequential,lists,10,49.58208091557026,49.58208091557026,10
48,pipeline3,sequential,lists,10,49.22346398234368,49.22346398234368,10
49,pipeline3,sequential,lists,10,49.17287081480026,49.17287081480026,10
50,pipeline3,sequential,lists,10,88.3900411427021,88.3900411427021,10
51,pipeline3,sequential,lists,10,88.57176825404167,88.57176825404167,10
52,pipeline3,sequential,lists,10,82.15379901230335,82.15379901230335,10
53,pipeline3,sequential,lists,10,49.27981644868851,49.27981644868851,10
54,pipeline3,sequential,lists,10,49.264563247561455,49.264563247561455,10
55,pipeline3,sequential,lists,10,49.61659386754036,49.61659386754036,10
56,pipeline3,sequential,lists,10,49.2707658559084,49.2707658559084,10
57,pipeline3,sequential,lists,10,49.53883029520512,49.53883029520512,10
58,pipeline3,sequential,lists,10,49.18002523481846,49.18002523481846,10
59,pipeline3,sequential,lists,10,49.23439398407936,49.23439398407936,10
60,pipeline3,sequential,lists,100,495.5572560429573,495.5572560429573,100
61,pipeline3,sequential,lists,100,494.3702593445778,494.3702593445778,100
62,pipeline3,sequential,lists,100,420.5600190907717,420.5600190907717,100
63,pipeline3,sequential,lists,100,415.54865054786205,415.54865054786205,100
64,pipeline3,sequential,lists,100,415.9065689891577,415.9065689891577,100
65,pipeline3,sequential,lists,100,415.9118458628655,415.9118458628655,100
66,pipeline3,sequential,lists,100,419.1153328865767,419.1153328865767,100
67,pipeline3,sequential,lists,100,417.0516859740019,417.0516859740019,100
68,pipeline3,sequential,lists,100,416.9138874858618,416.9138874858618,100
69,pipeline3,sequential,lists,100,417.97760874032974,417.97760874032974,100
70,pipeline3,sequential,lists,100,419.22732815146446,419.22732815146446,100
71,pipeline3,sequential,lists,100,416.1260835826397,416.1260835826397,100
72,pipeline3,sequential,lists,100,415.6276900321245,415.6276900321245,100
73,pipeline3,sequential,lists,100,415.71286506950855,415.71286506950855,100
74,pipeline3,sequential,lists,100,419.0642274916172,419.0642274916172,100
75,pipeline3,sequential,lists,100,415.8887155354023,415.8887155354023,100
76,pipeline3,sequential,lists,100,415.5748207122088,415.5748207122088,100
77,pipeline3,sequential,lists,100,416.1218851804733,416.1218851804733,100
78,pipeline3,sequential,lists,100,415.46069644391537,415.46069644391537,100
79,pipeline3,sequential,lists,100,463.7957401573658,463.7957401573658,100
80,pipeline3,sequential,lists,100,415.4806826263666,415.4806826263666,100
81,pipeline3,sequential,lists,100,415.588079020381,415.588079020381,100
82,pipeline3,sequential,lists,100,416.532464325428,416.532464325428,100
83,pipeline3,sequential,lists,100,416.7674444615841,416.7674444615841,100
84,pipeline3,sequential,lists,100,415.788009762764,415.788009762764,100
85,pipeline3,sequential,lists,100,415.800116956234,415.800116956234,100
86,pipeline3,sequential,lists,100,416.0007871687412,416.0007871687412,100
87,pipeline3,sequential,lists,100,415.68697430193424,415.68697430193424,100
88,pipeline3,sequential,lists,100,416.4340887218714,416.4340887218714,100
89,pipeline3,sequential,lists,100,415.7894402742386,415.7894402742386,100
90,pipeline3,sequential,lists,1000,4239.696212112904,4239.696212112904,1000
91,pipeline3,sequential,lists,1000,4197.911595925689,4197.911595925689,1000
92,pipeline3,sequential,lists,1000,4257.496252655983,4257.496252655983,1000
93,pipeline3,sequential,lists,1000,4182.057680562139,4182.057680562139,1000
94,pipeline3,sequential,lists,1000,4239.779755473137,4239.779755473137,1000
95,pipeline3,sequential,lists,1000,4190.576557070017,4190.576557070017,1000
96,pipeline3,sequential,lists,1000,4220.840493217111,4220.840493217111,1000
97,pipeline3,sequential,lists,1000,4203.746739774942,4203.746739774942,1000
98,pipeline3,sequential,lists,1000,4184.59171243012,4184.59171243012,1000
99,pipeline3,sequential,lists,1000,4237.643117085099,4237.643117085099,1000
100,pipeline3,sequential,lists,1000,4225.163578987122,4225.163578987122,1000
101,pipeline3,sequential,lists,1000,4270.828295499086,4270.828295499086,1000
102,pipeline3,sequential,lists,1000,4203.538913279772,4203.538913279772,1000
103,pipeline3,sequential,lists,1000,4559.354491531849,4559.354491531849,1000
104,pipeline3,sequential,lists,1000,4234.0810764580965,4234.0810764580965,1000
105,pipeline3,sequential,lists,1000,4236.53170466423,4236.53170466423,1000
106,pipeline3,sequential,lists,1000,4199.842981994152,4199.842981994152,1000
107,pipeline3,sequential,lists,1000,4602.643271908164,4602.643271908164,1000
108,pipeline3,sequential,lists,1000,4184.332925826311,4184.332925826311,1000
109,pipeline3,sequential,lists,1000,4228.973804041743,4228.973804041743,1000
110,pipeline3,sequential,lists,1000,4179.616881534457,4179.616881534457,1000
111,pipeline3,sequential,lists,1000,4238.665949553251,4238.665949553251,1000
112,pipeline3,sequential,lists,1000,4187.834236770868,4187.834236770868,1000
113,pipeline3,sequential,lists,1000,4235.353674739599,4235.353674739599,1000
114,pipeline3,sequential,lists,1000,4187.339052557945,4187.339052557945,1000
115,pipeline3,sequential,lists,1000,4232.857139781117,4232.857139781117,1000
116,pipeline3,sequential,lists,1000,4185.883661732078,4185.883661732078,1000
117,pipeline3,sequential,lists,1000,4236.682424321771,4236.682424321771,1000
118,pipeline3,sequential,lists,1000,4184.336164966226,4184.336164966226,1000
119,pipeline3,sequential,lists,1000,4539.727797731757,4539.727797731757,1000
120,pipeline3,sequential,list_sum,1,4.301104694604874,4.301104694604874,1
121,pipeline3,sequential,list_sum,1,4.225758835673332,4.225758835673332,1
122,pipeline3,sequential,list_sum,1,4.149947315454483,4.149947315454483,1
123,pipeline3,sequential,list_sum,1,4.173686727881432,4.173686727881432,1
124,pipeline3,sequential,list_sum,1,4.287833347916603,4.287833347916603,1
125,pipeline3,sequential,list_sum,1,4.135336726903915,4.135336726903915,1
126,pipeline3,sequential,list_sum,1,4.177110269665718,4.177110269665718,1
127,pipeline3,sequential,list_sum,1,4.152040928602219,4.152040928602219,1
128,pipeline3,sequential,list_sum,1,4.153439775109291,4.153439775109291,1
129,pipeline3,sequential,list_sum,1,4.2416006326675415,4.2416006326675415,1
130,pipeline3,sequential,list_sum,1,4.157515242695808,4.157515242695808,1
131,pipeline3,sequential,list_sum,1,4.153678193688393,4.153678193688393,1
132,pipeline3,sequential,list_sum,1,4.150073975324631,4.150073975324631,1
133,pipeline3,sequential,list_sum,1,4.204403609037399,4.204403609037399,1
134,pipeline3,sequential,list_sum,1,4.527745768427849,4.527745768427849,1
135,pipeline3,sequential,list_sum,1,4.145259037613869,4.145259037613869,1
136,pipeline3,sequential,list_sum,1,4.128670319914818,4.128670319914818,1
137,pipeline3,sequential,list_sum,1,4.222305491566658,4.222305491566658,1
138,pipeline3,sequential,list_sum,1,4.155060276389122,4.155060276389122,1
139,pipeline3,sequential,list_sum,1,4.1396841406822205,4.1396841406822205,1
140,pipeline3,sequential,list_sum,1,4.142966121435165,4.142966121435165,1
141,pipeline3,sequential,list_sum,1,4.131831228733063,4.131831228733063,1
142,pipeline3,sequential,list_sum,1,4.218887537717819,4.218887537717819,1
143,pipeline3,sequential,list_sum,1,4.154587164521217,4.154587164521217,1
144,pipeline3,sequential,list_sum,1,4.137326031923294,4.137326031923294,1
145,pipeline3,sequential,list_sum,1,4.134943708777428,4.134943708777428,1
146,pipeline3,sequential,list_sum,1,4.209443926811218,4.209443926811218,1
147,pipeline3,sequential,list_sum,1,4.133008420467377,4.133008420467377,1
148,pipeline3,sequential,list_sum,1,4.13418747484684,4.13418747484684,1
149,pipeline3,sequential,list_sum,1,4.126366227865219,4.126366227865219,1
150,pipeline3,sequential,list_sum,10,41.621338576078415,41.621338576078415,10
151,pipeline3,sequential,list_sum,10,41.925761848688126,41.925761848688126,10
152,pipeline3,sequential,list_sum,10,41.49285517632961,41.49285517632961,10
153,pipeline3,sequential,list_sum,10,41.51138849556446,41.51138849556446,10
154,pipeline3,sequential,list_sum,10,41.95590689778328,41.95590689778328,10
155,pipeline3,sequential,list_sum,10,41.57901555299759,41.57901555299759,10
156,pipeline3,sequential,list_sum,10,41.53910279273987,41.53910279273987,10
157,pipeline3,sequential,list_sum,10,41.985729709267616,41.985729709267616,10
158,pipeline3,sequential,list_sum,10,41.54975898563862,41.54975898563862,10
159,pipeline3,sequential,list_sum,10,41.55702516436577,41.55702516436577,10
160,pipeline3,sequential,list_sum,10,41.95159301161766,41.95159301161766,10
161,pipeline3,sequential,list_sum,10,41.65849462151528,41.65849462151528,10
162,pipeline3,sequential,list_sum,10,41.53849929571152,41.53849929571152,10
163,pipeline3,sequential,list_sum,10,41.94672405719757,41.94672405719757,10
164,pipeline3,sequential,list_sum,10,41.504932567477226,41.504932567477226,10
165,pipeline3,sequential,list_sum,10,41.58205725252628,41.58205725252628,10
166,pipeline3,sequential,list_sum,10,41.90910421311855,41.90910421311855,10
167,pipeline3,sequential,list_sum,10,41.51935502886772,41.51935502886772,10
168,pipeline3,sequential,list_sum,10,41.58824868500233,41.58824868500233,10
169,pipeline3,sequential,list_sum,10,42.0028567314148,42.0028567314148,10
170,pipeline3,sequential,list_sum,10,41.49863310158253,41.49863310158253,10
171,pipeline3,sequential,list_sum,10,41.60725884139538,41.60725884139538,10
172,pipeline3,sequential,list_sum,10,41.978608816862106,41.978608816862106,10
173,pipeline3,sequential,list_sum,10,41.58898442983627,41.58898442983627,10
174,pipeline3,sequential,list_sum,10,41.52392968535423,41.52392968535423,10
175,pipeline3,sequential,list_sum,10,42.01392084360123,42.01392084360123,10
176,pipeline3,sequential,list_sum,10,41.53979755938053,41.53979755938053,10
177,pipeline3,sequential,list_sum,10,41.729627177119255,41.729627177119255,10
178,pipeline3,sequential,list_sum,10,41.95885732769966,41.95885732769966,10
179,pipeline3,sequential,list_sum,10,41.55568964779377,41.55568964779377,10
180,pipeline3,sequential,list_sum,100,414.3739491701126,414.3739491701126,100
181,pipeline3,sequential,list_sum,100,414.83663208782673,414.83663208782673,100
182,pipeline3,sequential,list_sum,100,414.3326263874769,414.3326263874769,100
183,pipeline3,sequential,list_sum,100,462.12754398584366,462.12754398584366,100
184,pipeline3,sequential,list_sum,100,414.44691084325314,414.44691084325314,100
185,pipeline3,sequential,list_sum,100,414.5934097468853,414.5934097468853,100
186,pipeline3,sequential,list_sum,100,414.5933203399181,414.5933203399181,100
187,pipeline3,sequential,list_sum,100,414.20695558190346,414.20695558190346,100
188,pipeline3,sequential,list_sum,100,414.24764320254326,414.24764320254326,100
189,pipeline3,sequential,list_sum,100,415.7029837369919,415.7029837369919,100
190,pipeline3,sequential,list_sum,100,415.1614122092724,415.1614122092724,100
191,pipeline3,sequential,list_sum,100,414.3785145133734,414.3785145133734,100
192,pipeline3,sequential,list_sum,100,414.2704270780087,414.2704270780087,100
193,pipeline3,sequential,list_sum,100,414.19108398258686,414.19108398258686,100
194,pipeline3,sequential,list_sum,100,414.7723410278559,414.7723410278559,100
195,pipeline3,sequential,list_sum,100,414.40506651997566,414.40506651997566,100
196,pipeline3,sequential,list_sum,100,414.0635821968317,414.0635821968317,100
197,pipeline3,sequential,list_sum,100,414.3269844353199,414.3269844353199,100
198,pipeline3,sequential,list_sum,100,414.2832197248936,414.2832197248936,100
199,pipeline3,sequential,list_sum,100,414.8364569991827,414.8364569991827,100
200,pipeline3,sequential,list_sum,100,414.16735015809536,414.16735015809536,100
201,pipeline3,sequential,list_sum,100,414.1884967684746,414.1884967684746,100
202,pipeline3,sequential,list_sum,100,414.6720338612795,414.6720338612795,100
203,pipeline3,sequential,list_sum,100,451.7764821648598,451.7764821648598,100
204,pipeline3,sequential,list_sum,100,424.8630329966545,424.8630329966545,100
205,pipeline3,sequential,list_sum,100,418.3639567345381,418.3639567345381,100
206,pipeline3,sequential,list_sum,100,414.1011964529753,414.1011964529753,100
207,pipeline3,sequential,list_sum,100,414.51768577098846,414.51768577098846,100
208,pipeline3,sequential,list_sum,100,414.383115246892,414.383115246892,100
209,pipeline3,sequential,list_sum,100,413.9727111905813,413.9727111905813,100
210,pipeline3,sequential,list_sum,1000,4907.505445182324,4907.505445182324,1000
211,pipeline3,sequential,list_sum,1000,4214.65365961194,4214.65365961194,1000
212,pipeline3,sequential,list_sum,1000,4166.600592434406,4166.600592434406,1000
213,pipeline3,sequential,list_sum,1000,4816.964939236641,4816.964939236641,1000
214,pipeline3,sequential,list_sum,1000,4170.986017212272,4170.986017212272,1000
215,pipeline3,sequential,list_sum,1000,4829.3706849217415,4829.3706849217415,1000
216,pipeline3,sequential,list_sum,1000,4352.013725787401,4352.013725787401,1000
217,pipeline3,sequential,list_sum,1000,4166.785225272179,4166.785225272179,1000
218,pipeline3,sequential,list_sum,1000,4221.123419702053,4221.123419702053,1000
219,pipeline3,sequential,list_sum,1000,4167.3345528543,4167.3345528543,1000
220,pipeline3,sequential,list_sum,1000,4185.905223712325,4185.905223712325,1000
221,pipeline3,sequential,list_sum,1000,4952.261423692107,4952.261423692107,1000
222,pipeline3,sequential,list_sum,1000,4220.479007810354,4220.479007810354,1000
223,pipeline3,sequential,list_sum,1000,4175.244452431798,4175.244452431798,1000
224,pipeline3,sequential,list_sum,1000,4221.374720335007,4221.374720335007,1000
225,pipeline3,sequential,list_sum,1000,4175.392784178257,4175.392784178257,1000
226,pipeline3,sequential,list_sum,1000,4239.035004749894,4239.035004749894,1000
227,pipeline3,sequential,list_sum,1000,4171.301618218422,4171.301618218422,1000
228,pipeline3,sequential,list_sum,1000,4222.837647423148,4222.837647423148,1000
229,pipeline3,sequential,list_sum,1000,4194.684369489551,4194.684369489551,1000
230,pipeline3,sequential,list_sum,1000,4243.850093334913,4243.850093334913,1000
231,pipeline3,sequential,list_sum,1000,4177.491202950478,4177.491202950478,1000
232,pipeline3,sequential,list_sum,1000,4233.921576291323,4233.921576291323,1000
233,pipeline3,sequential,list_sum,1000,4217.39212796092,4217.39212796092,1000
234,pipeline3,sequential,list_sum,1000,4178.466027602553,4178.466027602553,1000
235,pipeline3,sequential,list_sum,1000,4218.684198334813,4218.684198334813,1000
236,pipeline3,sequential,list_sum,1000,4172.303166240454,4172.303166240454,1000
237,pipeline3,sequential,list_sum,1000,4216.990817338228,4216.990817338228,1000
238,pipeline3,sequential,list_sum,1000,4166.2027686834335,4166.2027686834335,1000
239,pipeline3,sequential,list_sum,1000,4222.064260393381,4222.064260393381,1000
240,pipeline3,sequential,list_io,1,7.8269802033901215,7.8269802033901215,1
241,pipeline3,sequential,list_io,1,5.9134457260370255,5.9134457260370255,1
242,pipeline3,sequential,list_io,1,4.154335707426071,4.154335707426071,1
243,pipeline3,sequential,list_io,1,4.161732271313667,4.161732271313667,1
244,pipeline3,sequential,list_io,1,4.139808937907219,4.139808937907219,1
245,pipeline3,sequential,list_io,1,4.207370802760124,4.207370802760124,1
246,pipeline3,sequential,list_io,1,4.1320715099573135,4.1320715099573135,1
247,pipeline3,sequential,list_io,1,4.136878997087479,4.136878997087479,1
248,pipeline3,sequential,list_io,1,4.1777994483709335,4.1777994483709335,1
249,pipeline3,sequential,list_io,1,4.24889475107193,4.24889475107193,1
250,pipeline3,sequential,list_io,1,4.152597859501839,4.152597859501839,1
251,pipeline3,sequential,list_io,1,4.129195585846901,4.129195585846901,1
252,pipeline3,sequential,list_io,1,4.14099358022213,4.14099358022213,1
253,pipeline3,sequential,list_io,1,4.133688285946846,4.133688285946846,1
254,pipeline3,sequential,list_io,1,4.2446088045835495,4.2446088045835495,1
255,pipeline3,sequential,list_io,1,4.146881401538849,4.146881401538849,1
256,pipeline3,sequential,list_io,1,4.143202677369118,4.143202677369118,1
257,pipeline3,sequential,list_io,1,4.135552793741226,4.135552793741226,1
258,pipeline3,sequential,list_io,1,6.4772628247737885,6.4772628247737885,1
259,pipeline3,sequential,list_io,1,6.110776215791702,6.110776215791702,1
260,pipeline3,sequential,list_io,1,6.100963801145554,6.100963801145554,1
261,pipeline3,sequential,list_io,1,6.158815696835518,6.158815696835518,1
262,pipeline3,sequential,list_io,1,6.120376288890839,6.120376288890839,1
263,pipeline3,sequential,list_io,1,6.101951003074646,6.101951003074646,1
264,pipeline3,sequential,list_io,1,6.155330687761307,6.155330687761307,1
265,pipeline3,sequential,list_io,1,6.105421110987663,6.105421110987663,1
266,pipeline3,sequential,list_io,1,6.082776933908463,6.082776933908463,1
267,pipeline3,sequential,list_io,1,6.146933883428574,6.146933883428574,1
268,pipeline3,sequential,list_io,1,6.144130602478981,6.144130602478981,1
269,pipeline3,sequential,list_io,1,6.094863638281822,6.094863638281822,1
270,pipeline3,sequential,list_io,10,58.445919305086136,58.445919305086136,10
271,pipeline3,sequential,list_io,10,41.41956567764282,41.41956567764282,10
272,pipeline3,sequential,list_io,10,41.43260791897774,41.43260791897774,10
273,pipeline3,sequential,list_io,10,41.879380121827126,41.879380121827126,10
274,pipeline3,sequential,list_io,10,41.5087528526783,41.5087528526783,10
275,pipeline3,sequential,list_io,10,41.572168469429016,41.572168469429016,10
276,pipeline3,sequential,list_io,10,41.80409759283066,41.80409759283066,10
277,pipeline3,sequential,list_io,10,41.40264727175236,41.40264727175236,10
278,pipeline3,sequential,list_io,10,41.68166033923626,41.68166033923626,10
279,pipeline3,sequential,list_io,10,41.92823730409145,41.92823730409145,10
280,pipeline3,sequential,list_io,10,41.58874042332173,41.58874042332173,10
281,pipeline3,sequential,list_io,10,41.56352393329144,41.56352393329144,10
282,pipeline3,sequential,list_io,10,41.9897586107254,41.9897586107254,10
283,pipeline3,sequential,list_io,10,41.46154411137104,41.46154411137104,10
284,pipeline3,sequential,list_io,10,41.50555469095707,41.50555469095707,10
285,pipeline3,sequential,list_io,10,42.05150716006756,42.05150716006756,10
286,pipeline3,sequential,list_io,10,41.51235893368721,41.51235893368721,10
287,pipeline3,sequential,list_io,10,41.31412319839001,41.31412319839001,10
288,pipeline3,sequential,list_io,10,41.74787364900112,41.74787364900112,10
289,pipeline3,sequential,list_io,10,41.39883629977703,41.39883629977703,10
290,pipeline3,sequential,list_io,10,41.38152860105038,41.38152860105038,10
291,pipeline3,sequential,list_io,10,41.81355237960816,41.81355237960816,10
292,pipeline3,sequential,list_io,10,41.28348454833031,41.28348454833031,10
293,pipeline3,sequential,list_io,10,41.51636362075806,41.51636362075806,10
294,pipeline3,sequential,list_io,10,41.85592010617256,41.85592010617256,10
295,pipeline3,sequential,list_io,10,41.36838763952255,41.36838763952255,10
296,pipeline3,sequential,list_io,10,41.34655930101872,41.34655930101872,10
297,pipeline3,sequential,list_io,10,41.90650209784508,41.90650209784508,10
298,pipeline3,sequential,list_io,10,41.34557209908962,41.34557209908962,10
299,pipeline3,sequential,list_io,10,41.41198471188545,41.41198471188545,10
300,pipeline3,sequential,list_io,100,416.1995816975832,416.1995816975832,100
301,pipeline3,sequential,list_io,100,414.2989981919527,414.2989981919527,100
302,pipeline3,sequential,list_io,100,416.6303277015686,416.6303277015686,100
303,pipeline3,sequential,list_io,100,415.4509641230106,415.4509641230106,100
304,pipeline3,sequential,list_io,100,415.7458320260048,415.7458320260048,100
305,pipeline3,sequential,list_io,100,415.2298513799906,415.2298513799906,100
306,pipeline3,sequential,list_io,100,416.6090451180935,416.6090451180935,100
307,pipeline3,sequential,list_io,100,414.923757314682,414.923757314682,100
308,pipeline3,sequential,list_io,100,462.54408173263073,462.54408173263073,100
309,pipeline3,sequential,list_io,100,480.0030495971441,480.0030495971441,100
310,pipeline3,sequential,list_io,100,416.385181248188,416.385181248188,100
311,pipeline3,sequential,list_io,100,463.9911036938429,463.9911036938429,100
312,pipeline3,sequential,list_io,100,416.89433157444,416.89433157444,100
313,pipeline3,sequential,list_io,100,416.3237605243921,416.3237605243921,100
314,pipeline3,sequential,list_io,100,416.59447737038136,416.59447737038136,100
315,pipeline3,sequential,list_io,100,417.19034500420094,417.19034500420094,100
316,pipeline3,sequential,list_io,100,416.9406834989786,416.9406834989786,100
317,pipeline3,sequential,list_io,100,416.0086140036583,416.0086140036583,100
318,pipeline3,sequential,list_io,100,418.021971359849,418.021971359849,100
319,pipeline3,sequential,list_io,100,415.5812244862318,415.5812244862318,100
320,pipeline3,sequential,list_io,100,513.7226805090904,513.7226805090904,100
321,pipeline3,sequential,list_io,100,597.6196844130754,597.6196844130754,100
322,pipeline3,sequential,list_io,100,492.3863001167774,492.3863001167774,100
323,pipeline3,sequential,list_io,100,492.6610253751278,492.6610253751278,100
324,pipeline3,sequential,list_io,100,468.4705827385187,468.4705827385187,100
325,pipeline3,sequential,list_io,100,416.23925790190697,416.23925790190697,100
326,pipeline3,sequential,list_io,100,416.0937946289778,416.0937946289778,100
327,pipeline3,sequential,list_io,100,424.74047280848026,424.74047280848026,100
328,pipeline3,sequential,list_io,100,429.21606078743935,429.21606078743935,100
329,pipeline3,sequential,list_io,100,429.7132696956396,429.7132696956396,100
330,pipeline3,sequential,list_io,1000,4735.663913190365,4735.663913190365,1000
331,pipeline3,sequential,list_io,1000,4594.666628167033,4594.666628167033,1000
332,pipeline3,sequential,list_io,1000,4451.336922124028,4451.336922124028,1000
333,pipeline3,sequential,list_io,1000,4749.623391777277,4749.623391777277,1000
334,pipeline3,sequential,list_io,1000,4399.284955114126,4399.284955114126,1000
335,pipeline3,sequential,list_io,1000,4269.432682543993,4269.432682543993,1000
336,pipeline3,sequential,list_io,1000,4198.269907385111,4198.269907385111,1000
337,pipeline3,sequential,list_io,1000,4569.190260022879,4569.190260022879,1000
338,pipeline3,sequential,list_io,1000,4191.873067989945,4191.873067989945,1000
339,pipeline3,sequential,list_io,1000,4486.089775338769,4486.089775338769,1000
340,pipeline3,sequential,list_io,1000,4413.483364507556,4413.483364507556,1000
341,pipeline3,sequential,list_io,1000,4194.171896204352,4194.171896204352,1000
342,pipeline3,sequential,list_io,1000,4537.797771394253,4537.797771394253,1000
343,pipeline3,sequential,list_io,1000,4512.391859665513,4512.391859665513,1000
344,pipeline3,sequential,list_io,1000,4263.333924114704,4263.333924114704,1000
345,pipeline3,sequential,list_io,1000,4259.441554546356,4259.441554546356,1000
346,pipeline3,sequential,list_io,1000,4734.178088605404,4734.178088605404,1000
347,pipeline3,sequential,list_io,1000,4158.865435048938,4158.865435048938,1000
348,pipeline3,sequential,list_io,1000,4288.455178961158,4288.455178961158,1000
349,pipeline3,sequential,list_io,1000,4794.827401638031,4794.827401638031,1000
350,pipeline3,sequential,list_io,1000,4527.649069204927,4527.649069204927,1000
351,pipeline3,sequential,list_io,1000,4972.915560007095,4972.915560007095,1000
352,pipeline3,sequential,list_io,1000,4505.898991599679,4505.898991599679,1000
353,pipeline3,sequential,list_io,1000,4698.191052302718,4698.191052302718,1000
354,pipeline3,sequential,list_io,1000,4204.620076343417,4204.620076343417,1000
355,pipeline3,sequential,list_io,1000,4351.703943684697,4351.703943684697,1000
356,pipeline3,sequential,list_io,1000,4454.750120639801,4454.750120639801,1000
357,pipeline3,sequential,list_io,1000,4293.397035449743,4293.397035449743,1000
358,pipeline3,sequential,list_io,1000,4505.423212423921,4505.423212423921,1000
359,pipeline3,sequential,list_io,1000,4378.296183422208,4378.296183422208,1000
360,pipeline3,sequential,pass,1,0.0065658241510391,0.0065658241510391,1
361,pipeline3,sequential,pass,1,0.0017136335372924,0.0017136335372924,1
362,pipeline3,sequential,pass,1,0.0013187527656555,0.0013187527656555,1
363,pipeline3,sequential,pass,1,0.0012610107660293,0.0012610107660293,1
364,pipeline3,sequential,pass,1,0.0011995434761047,0.0011995434761047,1
365,pipeline3,sequential,pass,1,0.0012051314115524,0.0012051314115524,1
366,pipeline3,sequential,pass,1,0.0011809170246124,0.0011809170246124,1
367,pipeline3,sequential,pass,1,0.0011771917343139,0.0011771917343139,1
368,pipeline3,sequential,pass,1,0.0011734664440155,0.0011734664440155,1
369,pipeline3,sequential,pass,1,0.0011809170246124,0.0011809170246124,1
370,pipeline3,sequential,pass,1,0.0011734664440155,0.0011734664440155,1
371,pipeline3,sequential,pass,1,0.0011436641216278,0.0011436641216278,1
372,pipeline3,sequential,pass,1,0.0011250376701354,0.0011250376701354,1
373,pipeline3,sequential,pass,1,0.0012014061212539,0.0012014061212539,1
374,pipeline3,sequential,pass,1,0.0011399388313293,0.0011399388313293,1
375,pipeline3,sequential,pass,1,0.0011380761861801,0.0011380761861801,1
376,pipeline3,sequential,pass,1,0.0011418014764785,0.0011418014764785,1
377,pipeline3,sequential,pass,1,0.0012367963790893,0.0012367963790893,1
378,pipeline3,sequential,pass,1,0.0011418014764785,0.0011418014764785,1
379,pipeline3,sequential,pass,1,0.0011622905731201,0.0011622905731201,1
380,pipeline3,sequential,pass,1,0.0011529773473739,0.0011529773473739,1
381,pipeline3,sequential,pass,1,0.0012572854757308,0.0012572854757308,1
382,pipeline3,sequential,pass,1,0.0011287629604339,0.0011287629604339,1
383,pipeline3,sequential,pass,1,0.0012442469596862,0.0012442469596862,1
384,pipeline3,sequential,pass,1,0.0011585652828216,0.0011585652828216,1
385,pipeline3,sequential,pass,1,0.0011567026376724,0.0011567026376724,1
386,pipeline3,sequential,pass,1,0.0011716037988662,0.0011716037988662,1
387,pipeline3,sequential,pass,1,0.0012088567018508,0.0012088567018508,1
388,pipeline3,sequential,pass,1,0.0011436641216278,0.0011436641216278,1
389,pipeline3,sequential,pass,1,0.0011529773473739,0.0011529773473739,1
390,pipeline3,sequential,pass,10,0.0057462602853775,0.0057462602853775,10
391,pipeline3,sequential,pass,10,0.004492700099945,0.004492700099945,10
392,pipeline3,sequential,pass,10,0.004371628165245,0.004371628165245,10
393,pipeline3,sequential,pass,10,0.0041872262954711,0.0041872262954711,10
394,pipeline3,sequential,pass,10,0.0042766332626342,0.0042766332626342,10
395,pipeline3,sequential,pass,10,0.0042878091335296,0.0042878091335296,10
396,pipeline3,sequential,pass,10,0.0041835010051727,0.0041835010051727,10
397,pipeline3,sequential,pass,10,0.0041108578443527,0.0041108578443527,10
398,pipeline3,sequential,pass,10,0.0042319297790527,0.0042319297790527,10
399,pipeline3,sequential,pass,10,0.0041835010051727,0.0041835010051727,10
400,pipeline3,sequential,pass,10,0.0040922313928604,0.0040922313928604,10
401,pipeline3,sequential,pass,10,0.0041183084249496,0.0041183084249496,10
402,pipeline3,sequential,pass,10,0.0041313469409942,0.0041313469409942,10
403,pipeline3,sequential,pass,10,0.004056841135025,0.004056841135025,10
404,pipeline3,sequential,pass,10,0.0040624290704727,0.0040624290704727,10
405,pipeline3,sequential,pass,10,0.0041592866182327,0.0041592866182327,10
406,pipeline3,sequential,pass,10,0.0041238963603973,0.0041238963603973,10
407,pipeline3,sequential,pass,10,0.004129484295845,0.004129484295845,10
408,pipeline3,sequential,pass,10,0.0040605664253234,0.0040605664253234,10
409,pipeline3,sequential,pass,10,0.004323199391365,0.004323199391365,10
410,pipeline3,sequential,pass,10,0.003935769200325,0.003935769200325,10
411,pipeline3,sequential,pass,10,0.0039152801036834,0.0039152801036834,10
412,pipeline3,sequential,pass,10,0.0039208680391311,0.0039208680391311,10
413,pipeline3,sequential,pass,10,0.0039264559745788,0.0039264559745788,10
414,pipeline3,sequential,pass,10,0.0039190053939819,0.0039190053939819,10
415,pipeline3,sequential,pass,10,0.003935769200325,0.003935769200325,10
416,pipeline3,sequential,pass,10,0.0039935111999511,0.0039935111999511,10
417,pipeline3,sequential,pass,10,0.003952533006668,0.003952533006668,10
418,pipeline3,sequential,pass,10,0.0040698796510696,0.0040698796510696,10
419,pipeline3,sequential,pass,10,0.0158920884132385,0.0158920884132385,10
420,pipeline3,sequential,pass,100,0.0358466058969497,0.0358466058969497,100
421,pipeline3,sequential,pass,100,0.0337958335876464,0.0337958335876464,100
422,pipeline3,sequential,pass,100,0.0333767384290695,0.0333767384290695,100
423,pipeline3,sequential,pass,100,0.0331085175275802,0.0331085175275802,100
424,pipeline3,sequential,pass,100,0.0442899763584136,0.0442899763584136,100
425,pipeline3,sequential,pass,100,0.0316761434078216,0.0316761434078216,100
426,pipeline3,sequential,pass,100,0.0431239604949951,0.0431239604949951,100
427,pipeline3,sequential,pass,100,0.0306200236082077,0.0306200236082077,100
428,pipeline3,sequential,pass,100,0.0305492430925369,0.0305492430925369,100
429,pipeline3,sequential,pass,100,0.0307168811559677,0.0307168811559677,100
430,pipeline3,sequential,pass,100,0.03061443567276,0.03061443567276,100
431,pipeline3,sequential,pass,100,0.0308249145746231,0.0308249145746231,100
432,pipeline3,sequential,pass,100,0.03061443567276,0.03061443567276,100
433,pipeline3,sequential,pass,100,0.030655413866043,0.030655413866043,100
434,pipeline3,sequential,pass,100,0.0305958092212677,0.0305958092212677,100
435,pipeline3,sequential,pass,100,0.030582770705223,0.030582770705223,100
436,pipeline3,sequential,pass,100,0.03061443567276,0.03061443567276,100
437,pipeline3,sequential,pass,100,0.0305380672216415,0.0305380672216415,100
438,pipeline3,sequential,pass,100,0.0304970890283584,0.0304970890283584,100
439,pipeline3,sequential,pass,100,0.0305641442537307,0.0305641442537307,100
440,pipeline3,sequential,pass,100,0.03056600689888,0.03056600689888,100
441,pipeline3,sequential,pass,100,0.0304598361253738,0.0304598361253738,100
442,pipeline3,sequential,pass,100,0.0305324792861938,0.0305324792861938,100
443,pipeline3,sequential,pass,100,0.0305026769638061,0.0305026769638061,100
444,pipeline3,sequential,pass,100,0.0319816172122955,0.0319816172122955,100
445,pipeline3,sequential,pass,100,0.0307522714138031,0.0307522714138031,100
446,pipeline3,sequential,pass,100,0.0307001173496246,0.0307001173496246,100
447,pipeline3,sequential,pass,100,0.0308044254779815,0.0308044254779815,100
448,pipeline3,sequential,pass,100,0.0305436551570892,0.0305436551570892,100
449,pipeline3,sequential,pass,100,0.0306889414787292,0.0306889414787292,100
450,pipeline3,sequential,pass,1000,0.3506932407617569,0.3506932407617569,1000
451,pipeline3,sequential,pass,1000,0.3048088401556015,0.3048088401556015,1000
452,pipeline3,sequential,pass,1000,0.3048237413167953,0.3048237413167953,1000
453,pipeline3,sequential,pass,1000,0.3047008067369461,0.3047008067369461,1000
454,pipeline3,sequential,pass,1000,0.3043878823518753,0.3043878823518753,1000
455,pipeline3,sequential,pass,1000,0.3128219395875931,0.3128219395875931,1000
456,pipeline3,sequential,pass,1000,0.3100559115409851,0.3100559115409851,1000
457,pipeline3,sequential,pass,1000,0.3090910613536834,0.3090910613536834,1000
458,pipeline3,sequential,pass,1000,0.3084428608417511,0.3084428608417511,1000
459,pipeline3,sequential,pass,1000,0.3097038716077804,0.3097038716077804,1000
460,pipeline3,sequential,pass,1000,0.3085881471633911,0.3085881471633911,1000
461,pipeline3,sequential,pass,1000,0.3243479877710342,0.3243479877710342,1000
462,pipeline3,sequential,pass,1000,0.3102757036685943,0.3102757036685943,1000
463,pipeline3,sequential,pass,1000,0.3093853592872619,0.3093853592872619,1000
464,pipeline3,sequential,pass,1000,0.309281051158905,0.309281051158905,1000
465,pipeline3,sequential,pass,1000,0.3103185445070267,0.3103185445070267,1000
466,pipeline3,sequential,pass,1000,0.3083217889070511,0.3083217889070511,1000
467,pipeline3,sequential,pass,1000,0.3090761601924896,0.3090761601924896,1000
468,pipeline3,sequential,pass,1000,0.3087297081947326,0.3087297081947326,1000
469,pipeline3,sequential,pass,1000,0.308619812130928,0.308619812130928,1000
470,pipeline3,sequential,pass,1000,0.3098621964454651,0.3098621964454651,1000
471,pipeline3,sequential,pass,1000,0.3221463412046432,0.3221463412046432,1000
472,pipeline3,sequential,pass,1000,0.3546923398971557,0.3546923398971557,1000
473,pipeline3,sequential,pass,1000,0.3282595425844192,0.3282595425844192,1000
474,pipeline3,sequential,pass,1000,0.3085751086473465,0.3085751086473465,1000
475,pipeline3,sequential,pass,1000,0.309644266963005,0.309644266963005,1000
476,pipeline3,sequential,pass,1000,0.3082528710365295,0.3082528710365295,1000
477,pipeline3,sequential,pass,1000,0.3088470548391342,0.3088470548391342,1000
478,pipeline3,sequential,pass,1000,0.3088284283876419,0.3088284283876419,1000
479,pipeline3,sequential,pass,1000,0.309305265545845,0.309305265545845,1000
480,pipeline3,compiled,lists,1,30.598921701312065,30.598921701312065,1
481,pipeline3,compiled,lists,1,23.15816655755043,23.15816655755043,1
482,pipeline3,compiled,lists,1,18.976623192429543,18.976623192429543,1
483,pipeline3,compiled,lists,1,23.38706888258457,23.38706888258457,1
484,pipeline3,compiled,lists,1,23.231880739331245,23.231880739331245,1
485,pipeline3,compiled,lists,1,17.771875485777855,17.771875485777855,1
486,pipeline3,compiled,lists,1,21.18416503071785,21.18416503071785,1
487,pipeline3,compiled,lists,1,20.709607750177383,20.709607750177383,1
488,pipeline3,compiled,lists,1,17.776675522327423,17.776675522327423,1
489,pipeline3,compiled,lists,1,18.833596259355545,18.833596259355545,1
490,pipeline3,compiled,lists,1,18.59390363097191,18.59390363097191,1
491,pipeline3,compiled,lists,1,25.19458718597889,25.19458718597889,1
492,pipeline3,compiled,lists,1,23.16945046186447,23.16945046186447,1
493,pipeline3,compiled,lists,1,24.53642711043358,24.53642711043358,1
494,pipeline3,compiled,lists,1,21.56120352447033,21.56120352447033,1
495,pipeline3,compiled,lists,1,20.751433447003365,20.751433447003365,1
496,pipeline3,compiled,lists,1,24.99988302588463,24.99988302588463,1
497,pipeline3,compiled,lists,1,21.495312452316284,21.495312452316284,1
498,pipeline3,compiled,lists,1,23.33139255642891,23.33139255642891,1
499,pipeline3,compiled,lists,1,19.00300569832325,19.00300569832325,1
500,pipeline3,compiled,lists,1,18.93642358481884,18.93642358481884,1
501,pipeline3,compiled,lists,1,19.94206942617893,19.94206942617893,1
502,pipeline3,compiled,lists,1,22.487131878733635,22.487131878733635,1
503,pipeline3,compiled,lists,1,21.566664800047874,21.566664800047874,1
504,pipeline3,compiled,lists,1,26.16192400455475,26.16192400455475,1
505,pipeline3,compiled,lists,1,25.77359043061733,25.77359043061733,1
506,pipeline3,compiled,lists,1,19.92736756801605,19.92736756801605,1
507,pipeline3,compiled,lists,1,19.249027594923973,19.249027594923973,1
508,pipeline3,compiled,lists,1,21.180270239710808,21.180270239710808,1
509,pipeline3,compiled,lists,1,18.60654540359974,18.60654540359974,1
510,pipeline3,compiled,lists,10,44.57621835172176,44.57621835172176,10
511,pipeline3,compiled,lists,10,39.25429657101631,39.25429657101631,10
512,pipeline3,compiled,lists,10,40.13016819953919,40.13016819953919,10
513,pipeline3,compiled,lists,10,39.16900418698788,39.16900418698788,10
514,pipeline3,compiled,lists,10,38.15385699272156,38.15385699272156,10
515,pipeline3,compiled,lists,10,37.60540299117565,37.60540299117565,10
516,pipeline3,compiled,lists,10,45.63870467245579,45.63870467245579,10
517,pipeline3,compiled,lists,10,42.26869344711304,42.26869344711304,10
518,pipeline3,compiled,lists,10,44.601647183299065,44.601647183299065,10
519,pipeline3,compiled,lists,10,40.868908166885376,40.868908166885376,10
520,pipeline3,compiled,lists,10,39.81410153210163,39.81410153210163,10
521,pipeline3,compiled,lists,10,43.183090165257454,43.183090165257454,10
522,pipeline3,compiled,lists,10,42.4185823649168,42.4185823649168,10
523,pipeline3,compiled,lists,10,39.8631040006876,39.8631040006876,10
524,pipeline3,compiled,lists,10,37.38531656563282,37.38531656563282,10
525,pipeline3,compiled,lists,10,36.37162782251835,36.37162782251835,10
526,pipeline3,compiled,lists,10,38.64805959165096,38.64805959165096,10
527,pipeline3,compiled,lists,10,35.92984937131405,35.92984937131405,10
528,pipeline3,compiled,lists,10,42.9136585444212,42.9136585444212,10
529,pipeline3,compiled,lists,10,38.68024982511997,38.68024982511997,10
530,pipeline3,compiled,lists,10,43.55096630752087,43.55096630752087,10
531,pipeline3,compiled,lists,10,43.40535029768944,43.40535029768944,10
532,pipeline3,compiled,lists,10,38.902975618839264,38.902975618839264,10
533,pipeline3,compiled,lists,10,40.89383222162724,40.89383222162724,10
534,pipeline3,compiled,lists,10,39.93070870637894,39.93070870637894,10
535,pipeline3,compiled,lists,10,38.775259628891945,38.775259628891945,10
536,pipeline3,compiled,lists,10,39.96726870536804,39.96726870536804,10
537,pipeline3,compiled,lists,10,41.457002982497215,41.457002982497215,10
538,pipeline3,compiled,lists,10,42.6417887210846,42.6417887210846,10
539,pipeline3,compiled,lists,10,39.83158804476261,39.83158804476261,10
540,pipeline3,compiled,lists,100,283.24373811483383,283.24373811483383,100
541,pipeline3,compiled,lists,100,209.4227634370327,209.4227634370327,100
542,pipeline3,compiled,lists,100,258.565666154027,258.565666154027,100
543,pipeline3,compiled,lists,100,219.7146899998188,219.7146899998188,100
544,pipeline3,compiled,lists,100,282.24159963428974,282.24159963428974,100
545,pipeline3,compiled,lists,100,215.6556062400341,215.6556062400341,100
546,pipeline3,compiled,lists,100,319.3918261677027,319.3918261677027,100
547,pipeline3,compiled,lists,100,210.0844290107489,210.0844290107489,100
548,pipeline3,compiled,lists,100,341.0259932279587,341.0259932279587,100
549,pipeline3,compiled,lists,100,296.5306732803583,296.5306732803583,100
550,pipeline3,compiled,lists,100,277.87082828581333,277.87082828581333,100
551,pipeline3,compiled,lists,100,210.557920858264,210.557920858264,100
552,pipeline3,compiled,lists,100,375.5302745848894,375.5302745848894,100
553,pipeline3,compiled,lists,100,304.81331050395966,304.81331050395966,100
554,pipeline3,compiled,lists,100,251.3423133641481,251.3423133641481,100
555,pipeline3,compiled,lists,100,277.78980508446693,277.78980508446693,100
556,pipeline3,compiled,lists,100,253.19222174584863,253.19222174584863,100
557,pipeline3,compiled,lists,100,265.2866393327713,265.2866393327713,100
558,pipeline3,compiled,lists,100,282.5378868728876,282.5378868728876,100
559,pipeline3,compiled,lists,100,214.90359120070931,214.90359120070931,100
560,pipeline3,compiled,lists,100,240.4203936457634,240.4203936457634,100
561,pipeline3,compiled,lists,100,320.5480743199587,320.5480743199587,100
562,pipeline3,compiled,lists,100,215.5266385525465,215.5266385525465,100
563,pipeline3,compiled,lists,100,270.3394014388323,270.3394014388323,100
564,pipeline3,compiled,lists,100,210.54092422127724,210.54092422127724,100
565,pipeline3,compiled,lists,100,349.78900849819183,349.78900849819183,100
566,pipeline3,compiled,lists,100,281.4582921564579,281.4582921564579,100
567,pipeline3,compiled,lists,100,329.9740366637707,329.9740366637707,100
568,pipeline3,compiled,lists,100,242.16887541115284,242.16887541115284,100
569,pipeline3,compiled,lists,100,251.17577984929085,251.17577984929085,100
570,pipeline3,compiled,lists,1000,2012.434523552656,2012.434523552656,1000
571,pipeline3,compiled,lists,1000,2112.3647671192884,2112.3647671192884,1000
572,pipeline3,compiled,lists,1000,2065.5266977846622,2065.5266977846622,1000
573,pipeline3,compiled,lists,1000,1926.3686668127773,1926.3686668127773,1000
574,pipeline3,compiled,lists,1000,2031.587049365044,2031.587049365044,1000
575,pipeline3,compiled,lists,1000,2127.37081758678,2127.37081758678,1000
576,pipeline3,compiled,lists,1000,1977.5543194264171,1977.5543194264171,1000
577,pipeline3,compiled,lists,1000,1985.2480962872503,1985.2480962872503,1000
578,pipeline3,compiled,lists,1000,2048.595627769828,2048.595627769828,1000
579,pipeline3,compiled,lists,1000,2059.840874746442,2059.840874746442,1000
580,pipeline3,compiled,lists,1000,1949.088588356972,1949.088588356972,1000
581,pipeline3,compiled,lists,1000,1999.2096796631813,1999.2096796631813,1000
582,pipeline3,compiled,lists,1000,2035.051492974162,2035.051492974162,1000
583,pipeline3,compiled,lists,1000,1909.852560609579,1909.852560609579,1000
584,pipeline3,compiled,lists,1000,1944.0876636654136,1944.0876636654136,1000
585,pipeline3,compiled,lists,1000,2061.4230260252957,2061.4230260252957,1000
586,pipeline3,compiled,lists,1000,2025.5326591432092,2025.5326591432092,1000
587,pipeline3,compiled,lists,1000,1957.691567018628,1957.691567018628,1000
588,pipeline3,compiled,lists,1000,1936.6854019463065,1936.6854019463065,1000
589,pipeline3,compiled,lists,1000,2227.720852941274,2227.720852941274,1000
590,pipeline3,compiled,lists,1000,2008.005516603589,2008.005516603589,1000
591,pipeline3,compiled,lists,1000,2249.410687014461,2249.410687014461,1000
592,pipeline3,compiled,lists,1000,2008.0419909209013,2008.0419909209013,1000
593,pipeline3,compiled,lists,1000,2036.9868781417608,2036.9868781417608,1000
594,pipeline3,compiled,lists,1000,2095.376253128052,2095.376253128052,1000
595,pipeline3,compiled,lists,1000,1968.7566719949243,1968.7566719949243,1000
596,pipeline3,compiled,lists,1000,2068.0416356772184,2068.0416356772184,1000
597,pipeline3,compiled,lists,1000,2070.925949141383,2070.925949141383,1000
598,pipeline3,compiled,lists,1000,2217.3702362924814,2217.3702362924814,1000
599,pipeline3,compiled,lists,1000,1943.364003673196,1943.364003673196,1000
600,pipeline3,compiled,list_sum,1,27.22408808767796,27.22408808767796,1
601,pipeline3,compiled,list_sum,1,25.73932148516178,25.73932148516178,1
602,pipeline3,compiled,list_sum,1,17.73952692747116,17.73952692747116,1
603,pipeline3,compiled,list_sum,1,15.92404581606388,15.92404581606388,1
604,pipeline3,compiled,list_sum,1,20.281339064240456,20.281339064240456,1
605,pipeline3,compiled,list_sum,1,22.517917677760124,22.517917677760124,1
606,pipeline3,compiled,list_sum,1,19.960088655352592,19.960088655352592,1
607,pipeline3,compiled,list_sum,1,17.790671437978745,17.790671437978745,1
608,pipeline3,compiled,list_sum,1,16.808416694402695,16.808416694402695,1
609,pipeline3,compiled,list_sum,1,17.661290243268013,17.661290243268013,1
610,pipeline3,compiled,list_sum,1,19.793139770627025,19.793139770627025,1
611,pipeline3,compiled,list_sum,1,19.177937880158424,19.177937880158424,1
612,pipeline3,compiled,list_sum,1,23.299748077988625,23.299748077988625,1
613,pipeline3,compiled,list_sum,1,25.49061179161072,25.49061179161072,1
614,pipeline3,compiled,list_sum,1,17.46000535786152,17.46000535786152,1
615,pipeline3,compiled,list_sum,1,19.686920568346977,19.686920568346977,1
616,pipeline3,compiled,list_sum,1,17.856845632195473,17.856845632195473,1
617,pipeline3,compiled,list_sum,1,24.612516164779663,24.612516164779663,1
618,pipeline3,compiled,list_sum,1,24.23195168375969,24.23195168375969,1
619,pipeline3,compiled,list_sum,1,20.34686878323555,20.34686878323555,1
620,pipeline3,compiled,list_sum,1,23.05876836180687,23.05876836180687,1
621,pipeline3,compiled,list_sum,1,16.768885776400566,16.768885776400566,1
622,pipeline3,compiled,list_sum,1,18.145499750971798,18.145499750971798,1
623,pipeline3,compiled,list_sum,1,22.822391241788864,22.822391241788864,1
624,pipeline3,compiled,list_sum,1,24.329774081707,24.329774081707,1
625,pipeline3,compiled,list_sum,1,25.69889090955257,25.69889090955257,1
626,pipeline3,compiled,list_sum,1,24.690667167305943,24.690667167305943,1
627,pipeline3,compiled,list_sum,1,16.745485365390778,16.745485365390778,1
628,pipeline3,compiled,list_sum,1,19.930914044380188,19.930914044380188,1
629,pipeline3,compiled,list_sum,1,17.199484631419182,17.199484631419182,1
630,pipeline3,compiled,list_sum,10,39.27811793982983,39.27811793982983,10
631,pipeline3,compiled,list_sum,10,36.05867549777031,36.05867549777031,10
632,pipeline3,compiled,list_sum,10,48.02910052239895,48.02910052239895,10
633,pipeline3,compiled,list_sum,10,42.15541668236256,42.15541668236256,10
634,pipeline3,compiled,list_sum,10,37.48367168009281,37.48367168009281,10
635,pipeline3,compiled,list_sum,10,34.77485105395317,34.77485105395317,10
636,pipeline3,compiled,list_sum,10,34.32101011276245,34.32101011276245,10
637,pipeline3,compiled,list_sum,10,36.634547635912895,36.634547635912895,10
638,pipeline3,compiled,list_sum,10,42.55865141749382,42.55865141749382,10
639,pipeline3,compiled,list_sum,10,42.61940717697144,42.61940717697144,10
640,pipeline3,compiled,list_sum,10,36.51898726820946,36.51898726820946,10
641,pipeline3,compiled,list_sum,10,34.95575115084648,34.95575115084648,10
642,pipeline3,compiled,list_sum,10,36.177242174744606,36.177242174744606,10
643,pipeline3,compiled,list_sum,10,38.11260499060154,38.11260499060154,10
644,pipeline3,compiled,list_sum,10,37.789441645145416,37.789441645145416,10
645,pipeline3,compiled,list_sum,10,39.26443122327328,39.26443122327328,10
646,pipeline3,compiled,list_sum,10,44.20965164899826,44.20965164899826,10
647,pipeline3,compiled,list_sum,10,40.17423465847969,40.17423465847969,10
648,pipeline3,compiled,list_sum,10,37.76722401380539,37.76722401380539,10
649,pipeline3,compiled,list_sum,10,44.94326375424862,44.94326375424862,10
650,pipeline3,compiled,list_sum,10,44.00825500488281,44.00825500488281,10
651,pipeline3,compiled,list_sum,10,33.6146354675293,33.6146354675293,10
652,pipeline3,compiled,list_sum,10,36.786582320928574,36.786582320928574,10
653,pipeline3,compiled,list_sum,10,35.43263114988804,35.43263114988804,10
654,pipeline3,compiled,list_sum,10,32.3078278452158,32.3078278452158,10
655,pipeline3,compiled,list_sum,10,41.00917279720306,41.00917279720306,10
656,pipeline3,compiled,list_sum,10,40.65538011491299,40.65538011491299,10
657,pipeline3,compiled,list_sum,10,35.70062480866909,35.70062480866909,10
658,pipeline3,compiled,list_sum,10,36.44336573779583,36.44336573779583,10
659,pipeline3,compiled,list_sum,10,38.0976889282465,38.0976889282465,10
660,pipeline3,compiled,list_sum,100,208.2620244473219,208.2620244473219,100
661,pipeline3,compiled,list_sum,100,246.06961756944656,246.06961756944656,100
662,pipeline3,compiled,list_sum,100,264.3978577107191,264.3978577107191,100
663,pipeline3,compiled,list_sum,100,266.13799668848515,266.13799668848515,100
664,pipeline3,compiled,list_sum,100,205.26841655373573,205.26841655373573,100
665,pipeline3,compiled,list_sum,100,221.6568682342768,221.6568682342768,100
666,pipeline3,compiled,list_sum,100,244.10376884043217,244.10376884043217,100
667,pipeline3,compiled,list_sum,100,243.24472807347772,243.24472807347772,100
668,pipeline3,compiled,list_sum,100,229.3083518743515,229.3083518743515,100
669,pipeline3,compiled,list_sum,100,218.8831157982349,218.8831157982349,100
670,pipeline3,compiled,list_sum,100,200.32054372131824,200.32054372131824,100
671,pipeline3,compiled,list_sum,100,300.7817007601261,300.7817007601261,100
672,pipeline3,compiled,list_sum,100,206.18524216115475,206.18524216115475,100
673,pipeline3,compiled,list_sum,100,256.52752444148064,256.52752444148064,100
674,pipeline3,compiled,list_sum,100,318.3759152889252,318.3759152889252,100
675,pipeline3,compiled,list_sum,100,206.41974732279775,206.41974732279775,100
676,pipeline3,compiled,list_sum,100,201.81027986109257,201.81027986109257,100
677,pipeline3,compiled,list_sum,100,234.957255423069,234.957255423069,100
678,pipeline3,compiled,list_sum,100,236.1064683645964,236.1064683645964,100
679,pipeline3,compiled,list_sum,100,211.1601512879133,211.1601512879133,100
680,pipeline3,compiled,list_sum,100,204.19817045331,204.19817045331,100
681,pipeline3,compiled,list_sum,100,225.3806684166193,225.3806684166193,100
682,pipeline3,compiled,list_sum,100,235.98784022033212,235.98784022033212,100
683,pipeline3,compiled,list_sum,100,226.62916034460068,226.62916034460068,100
684,pipeline3,compiled,list_sum,100,206.0886025428772,206.0886025428772,100
685,pipeline3,compiled,list_sum,100,255.74245117604733,255.74245117604733,100
686,pipeline3,compiled,list_sum,100,240.37102237343788,240.37102237343788,100
687,pipeline3,compiled,list_sum,100,247.5816905498505,247.5816905498505,100
688,pipeline3,compiled,list_sum,100,240.3670717030764,240.3670717030764,100
689,pipeline3,compiled,list_sum,100,250.64427964389324,250.64427964389324,100
690,pipeline3,compiled,list_sum,1000,1973.6512210220096,1973.6512210220096,1000
691,pipeline3,compiled,list_sum,1000,1847.6661071181295,1847.6661071181295,1000
692,pipeline3,compiled,list_sum,1000,1834.212206304073,1834.212206304073,1000
693,pipeline3,compiled,list_sum,1000,2080.379733815789,2080.379733815789,1000
694,pipeline3,compiled,list_sum,1000,2175.785245373845,2175.785245373845,1000
695,pipeline3,compiled,list_sum,1000,1894.056661054492,1894.056661054492,1000
696,pipeline3,compiled,list_sum,1000,1835.3228829801085,1835.3228829801085,1000
697,pipeline3,compiled,list_sum,1000,1807.3054626584053,1807.3054626584053,1000
698,pipeline3,compiled,list_sum,1000,1786.844903603196,1786.844903603196,1000
699,pipeline3,compiled,list_sum,1000,1896.825136616826,1896.825136616826,1000
700,pipeline3,compiled,list_sum,1000,1807.9200088977811,1807.9200088977811,1000
701,pipeline3,compiled,list_sum,1000,1824.0953925997017,1824.0953925997017,1000
702,pipeline3,compiled,list_sum,1000,1795.6487257033589,1795.6487257033589,1000
703,pipeline3,compiled,list_sum,1000,1764.403136447072,1764.403136447072,1000
704,pipeline3,compiled,list_sum,1000,1730.5594086647034,1730.5594086647034,1000
705,pipeline3,compiled,list_sum,1000,1795.576861128211,1795.576861128211,1000
706,pipeline3,compiled,list_sum,1000,1986.4173792302608,1986.4173792302608,1000
707,pipeline3,compiled,list_sum,1000,1767.4554325640202,1767.4554325640202,1000
708,pipeline3,compiled,list_sum,1000,2023.190949112177,2023.190949112177,1000
709,pipeline3,compiled,list_sum,1000,1764.7121846675873,1764.7121846675873,1000
710,pipeline3,compiled,list_sum,1000,1948.8522075116637,1948.8522075116637,1000
711,pipeline3,compiled,list_sum,1000,1966.8770879507065,1966.8770879507065,1000
712,pipeline3,compiled,list_sum,1000,1756.5968837589023,1756.5968837589023,1000
713,pipeline3,compiled,list_sum,1000,1756.7642945796251,1756.7642945796251,1000
714,pipeline3,compiled,list_sum,1000,1877.8976276516917,1877.8976276516917,1000
715,pipeline3,compiled,list_sum,1000,1853.216910734773,1853.216910734773,1000
716,pipeline3,compiled,list_sum,1000,2183.6397983133797,2183.6397983133797,1000
717,pipeline3,compiled,list_sum,1000,2047.43118211627,2047.43118211627,1000
718,pipeline3,compiled,list_sum,1000,1745.4485073685646,1745.4485073685646,1000
719,pipeline3,compiled,list_sum,1000,1825.0198066234589,1825.0198066234589,1000
720,pipeline3,compiled,list_io,1,23.39090965688229,23.39090965688229,1
721,pipeline3,compiled,list_io,1,26.031093671917915,26.031093671917915,1
722,pipeline3,compiled,list_io,1,22.205587476491928,22.205587476491928,1
723,pipeline3,compiled,list_io,1,22.046567872166637,22.046567872166637,1
724,pipeline3,compiled,list_io,1,18.207456916570663,18.207456916570663,1
725,pipeline3,compiled,list_io,1,27.991071343421936,27.991071343421936,1
726,pipeline3,compiled,list_io,1,25.49078874289989,25.49078874289989,1
727,pipeline3,compiled,list_io,1,25.4413653165102,25.4413653165102,1
728,pipeline3,compiled,list_io,1,28.861308470368385,28.861308470368385,1
729,pipeline3,compiled,list_io,1,26.09723433852196,26.09723433852196,1
730,pipeline3,compiled,list_io,1,22.90952391922474,22.90952391922474,1
731,pipeline3,compiled,list_io,1,20.70227637887001,20.70227637887001,1
732,pipeline3,compiled,list_io,1,19.10100318491459,19.10100318491459,1
733,pipeline3,compiled,list_io,1,24.297619238495827,24.297619238495827,1
734,pipeline3,compiled,list_io,1,24.082303047180176,24.082303047180176,1
735,pipeline3,compiled,list_io,1,18.45132559537888,18.45132559537888,1
736,pipeline3,compiled,list_io,1,25.06966143846512,25.06966143846512,1
737,pipeline3,compiled,list_io,1,24.25999194383621,24.25999194383621,1
738,pipeline3,compiled,list_io,1,26.96201205253601,26.96201205253601,1
739,pipeline3,compiled,list_io,1,24.75237101316452,24.75237101316452,1
740,pipeline3,compiled,list_io,1,23.85687828063965,23.85687828063965,1
741,pipeline3,compiled,list_io,1,18.16338859498501,18.16338859498501,1
742,pipeline3,compiled,list_io,1,20.793717354536057,20.793717354536057,1
743,pipeline3,compiled,list_io,1,26.52778662741184,26.52778662741184,1
744,pipeline3,compiled,list_io,1,25.398196652531624,25.398196652531624,1
745,pipeline3,compiled,list_io,1,22.604724392294884,22.604724392294884,1
746,pipeline3,compiled,list_io,1,20.540928468108177,20.540928468108177,1
747,pipeline3,compiled,list_io,1,18.73493194580078,18.73493194580078,1
748,pipeline3,compiled,list_io,1,22.284723818302155,22.284723818302155,1
749,pipeline3,compiled,list_io,1,21.620741114020348,21.620741114020348,1
750,pipeline3,compiled,list_io,10,33.55402871966362,33.55402871966362,10
751,pipeline3,compiled,list_io,10,52.73691192269325,52.73691192269325,10
752,pipeline3,compiled,list_io,10,35.83361208438873,35.83361208438873,10
753,pipeline3,compiled,list_io,10,39.14087079465389,39.14087079465389,10
754,pipeline3,compiled,list_io,10,34.85594876110554,34.85594876110554,10
755,pipeline3,compiled,list_io,10,38.85825164616108,38.85825164616108,10
756,pipeline3,compiled,list_io,10,42.356330901384354,42.356330901384354,10
757,pipeline3,compiled,list_io,10,57.33577534556389,57.33577534556389,10
758,pipeline3,compiled,list_io,10,39.02266547083855,39.02266547083855,10
759,pipeline3,compiled,list_io,10,34.58026982843876,34.58026982843876,10
760,pipeline3,compiled,list_io,10,52.50118672847748,52.50118672847748,10
761,pipeline3,compiled,list_io,10,34.36599671840668,34.36599671840668,10
762,pipeline3,compiled,list_io,10,35.683972761034966,35.683972761034966,10
763,pipeline3,compiled,list_io,10,36.35779209434986,36.35779209434986,10
764,pipeline3,compiled,list_io,10,34.59785878658295,34.59785878658295,10
765,pipeline3,compiled,list_io,10,40.59537127614021,40.59537127614021,10
766,pipeline3,compiled,list_io,10,39.229076355695724,39.229076355695724,10
767,pipeline3,compiled,list_io,10,42.07370616495609,42.07370616495609,10
768,pipeline3,compiled,list_io,10,42.6966305822134,42.6966305822134,10
769,pipeline3,compiled,list_io,10,37.75879181921482,37.75879181921482,10
770,pipeline3,compiled,list_io,10,36.3616906106472,36.3616906106472,10
771,pipeline3,compiled,list_io,10,38.396500051021576,38.396500051021576,10
772,pipeline3,compiled,list_io,10,41.67941212654114,41.67941212654114,10
773,pipeline3,compiled,list_io,10,37.15799003839493,37.15799003839493,10
774,pipeline3,compiled,list_io,10,36.53673827648163,36.53673827648163,10
775,pipeline3,compiled,list_io,10,37.06439398229122,37.06439398229122,10
776,pipeline3,compiled,list_io,10,38.08140382170677,38.08140382170677,10
777,pipeline3,compiled,list_io,10,36.60733811557293,36.60733811557293,10
778,pipeline3,compiled,list_io,10,38.09061273932457,38.09061273932457,10
779,pipeline3,compiled,list_io,10,36.14470548927784,36.14470548927784,10
780,pipeline3,compiled,list_io,100,237.1277455240488,237.1277455240488,100
781,pipeline3,compiled,list_io,100,250.30805729329583,250.30805729329583,100
782,pipeline3,compiled,list_io,100,259.7208842635155,259.7208842635155,100
783,pipeline3,compiled,list_io,100,244.8981124907732,244.8981124907732,100
784,pipeline3,compiled,list_io,100,295.99831625819206,295.99831625819206,100
785,pipeline3,compiled,list_io,100,193.95441189408305,193.95441189408305,100
786,pipeline3,compiled,list_io,100,239.34716917574409,239.34716917574409,100
787,pipeline3,compiled,list_io,100,242.3100769519806,242.3100769519806,100
788,pipeline3,compiled,list_io,100,228.8401797413826,228.8401797413826,100
789,pipeline3,compiled,list_io,100,201.4898955821991,201.4898955821991,100
790,pipeline3,compiled,list_io,100,269.50993947684765,269.50993947684765,100
791,pipeline3,compiled,list_io,100,198.65775480866432,198.65775480866432,100
792,pipeline3,compiled,list_io,100,236.6790436208248,236.6790436208248,100
793,pipeline3,compiled,list_io,100,230.34267500042915,230.34267500042915,100
794,pipeline3,compiled,list_io,100,202.6885151863098,202.6885151863098,100
795,pipeline3,compiled,list_io,100,206.21133223176005,206.21133223176005,100
796,pipeline3,compiled,list_io,100,228.39365154504776,228.39365154504776,100
797,pipeline3,compiled,list_io,100,203.45696434378624,203.45696434378624,100
798,pipeline3,compiled,list_io,100,208.80867168307304,208.80867168307304,100
799,pipeline3,compiled,list_io,100,250.6986651569605,250.6986651569605,100
800,pipeline3,compiled,list_io,100,271.2988033890724,271.2988033890724,100
801,pipeline3,compiled,list_io,100,257.90075212717056,257.90075212717056,100
802,pipeline3,compiled,list_io,100,195.77359035611155,195.77359035611155,100
803,pipeline3,compiled,list_io,100,251.28597021102905,251.28597021102905,100
804,pipeline3,compiled,list_io,100,237.0166182518005,237.0166182518005,100
805,pipeline3,compiled,list_io,100,222.0485731959343,222.0485731959343,100
806,pipeline3,compiled,list_io,100,252.0041335374117,252.0041335374117,100
807,pipeline3,compiled,list_io,100,201.0810784995556,201.0810784995556,100
808,pipeline3,compiled,list_io,100,247.53447994589808,247.53447994589808,100
809,pipeline3,compiled,list_io,100,302.00076662003994,302.00076662003994,100
810,pipeline3,compiled,list_io,1000,1918.733600527048,1918.733600527048,1000
811,pipeline3,compiled,list_io,1000,2075.322212651372,2075.322212651372,1000
812,pipeline3,compiled,list_io,1000,1750.5212128162384,1750.5212128162384,1000
813,pipeline3,compiled,list_io,1000,1747.9258123785255,1747.9258123785255,1000
814,pipeline3,compiled,list_io,1000,1907.5126722455025,1907.5126722455025,1000
815,pipeline3,compiled,list_io,1000,2208.4868010133505,2208.4868010133505,1000
816,pipeline3,compiled,list_io,1000,2112.610859796405,2112.610859796405,1000
817,pipeline3,compiled,list_io,1000,1994.7858974337576,1994.7858974337576,1000
818,pipeline3,compiled,list_io,1000,2029.5261964201927,2029.5261964201927,1000
819,pipeline3,compiled,list_io,1000,1754.9745589494703,1754.9745589494703,1000
820,pipeline3,compiled,list_io,1000,1816.8100658804176,1816.8100658804176,1000
821,pipeline3,compiled,list_io,1000,2107.478655874729,2107.478655874729,1000
822,pipeline3,compiled,list_io,1000,1948.6817959696052,1948.6817959696052,1000
823,pipeline3,compiled,list_io,1000,1964.5814392715693,1964.5814392715693,1000
824,pipeline3,compiled,list_io,1000,2204.5186329633,2204.5186329633,1000
825,pipeline3,compiled,list_io,1000,1914.8346483707428,1914.8346483707428,1000
826,pipeline3,compiled,list_io,1000,1729.8760171979666,1729.8760171979666,1000
827,pipeline3,compiled,list_io,1000,1898.075321689248,1898.075321689248,1000
828,pipeline3,compiled,list_io,1000,1777.740802615881,1777.740802615881,1000
829,pipeline3,compiled,list_io,1000,1716.294514015317,1716.294514015317,1000
830,pipeline3,compiled,list_io,1000,1888.9223281294107,1888.9223281294107,1000
831,pipeline3,compiled,list_io,1000,2115.750584751368,2115.750584751368,1000
832,pipeline3,compiled,list_io,1000,1795.6578601151705,1795.6578601151705,1000
833,pipeline3,compiled,list_io,1000,1754.2252987623217,1754.2252987623217,1000
834,pipeline3,compiled,list_io,1000,2278.519863262773,2278.519863262773,1000
835,pipeline3,compiled,list_io,1000,2006.9242008030412,2006.9242008030412,1000
836,pipeline3,compiled,list_io,1000,1924.534112215042,1924.534112215042,1000
837,pipeline3,compiled,list_io,1000,2050.3374319523573,2050.3374319523573,1000
838,pipeline3,compiled,list_io,1000,2109.5371413975954,2109.5371413975954,1000
839,pipeline3,compiled,list_io,1000,1771.931128576398,1771.931128576398,1000
840,pipeline3,compiled,pass,1,16.28021150827408,16.28021150827408,1
841,pipeline3,compiled,pass,1,19.948510453104973,19.948510453104973,1
842,pipeline3,compiled,pass,1,21.3586799800396,21.3586799800396,1
843,pipeline3,compiled,pass,1,17.432140186429024,17.432140186429024,1
844,pipeline3,compiled,pass,1,22.89693057537079,22.89693057537079,1
845,pipeline3,compiled,pass,1,21.013183519244198,21.013183519244198,1
846,pipeline3,compiled,pass,1,20.16681432723999,20.16681432723999,1
847,pipeline3,compiled,pass,1,20.24986408650875,20.24986408650875,1
848,pipeline3,compiled,pass,1,21.74508385360241,21.74508385360241,1
849,pipeline3,compiled,pass,1,19.59146186709404,19.59146186709404,1
850,pipeline3,compiled,pass,1,19.637806341052052,19.637806341052052,1
851,pipeline3,compiled,pass,1,22.523781284689903,22.523781284689903,1
852,pipeline3,compiled,pass,1,22.24963530898094,22.24963530898094,1
853,pipeline3,compiled,pass,1,18.70747283101082,18.70747283101082,1
854,pipeline3,compiled,pass,1,16.211600974202156,16.211600974202156,1
855,pipeline3,compiled,pass,1,23.356085643172264,23.356085643172264,1
856,pipeline3,compiled,pass,1,23.74752052128315,23.74752052128315,1
857,pipeline3,compiled,pass,1,17.648248001933098,17.648248001933098,1
858,pipeline3,compiled,pass,1,18.10465008020401,18.10465008020401,1
859,pipeline3,compiled,pass,1,19.185954704880714,19.185954704880714,1
860,pipeline3,compiled,pass,1,20.86294442415237,20.86294442415237,1
861,pipeline3,compiled,pass,1,16.359178349375725,16.359178349375725,1
862,pipeline3,compiled,pass,1,24.238284677267075,24.238284677267075,1
863,pipeline3,compiled,pass,1,23.950213566422462,23.950213566422462,1
864,pipeline3,compiled,pass,1,19.781550392508507,19.781550392508507,1
865,pipeline3,compiled,pass,1,23.71776662766933,23.71776662766933,1
866,pipeline3,compiled,pass,1,18.79630982875824,18.79630982875824,1
867,pipeline3,compiled,pass,1,24.712709710001945,24.712709710001945,1
868,pipeline3,compiled,pass,1,19.98583599925041,19.98583599925041,1
869,pipeline3,compiled,pass,1,20.18355578184128,20.18355578184128,1
870,pipeline3,compiled,pass,10,20.42046375572681,20.42046375572681,10
871,pipeline3,compiled,pass,10,20.667405799031258,20.667405799031258,10
872,pipeline3,compiled,pass,10,22.450264543294907,22.450264543294907,10
873,pipeline3,compiled,pass,10,16.925862058997154,16.925862058997154,10
874,pipeline3,compiled,pass,10,22.26254716515541,22.26254716515541,10
875,pipeline3,compiled,pass,10,21.33849263191223,21.33849263191223,10
876,pipeline3,compiled,pass,10,21.45630493760109,21.45630493760109,10
877,pipeline3,compiled,pass,10,23.48096109926701,23.48096109926701,10
878,pipeline3,compiled,pass,10,20.42951621115208,20.42951621115208,10
879,pipeline3,compiled,pass,10,19.61526647210121,19.61526647210121,10
880,pipeline3,compiled,pass,10,22.88084663450718,22.88084663450718,10
881,pipeline3,compiled,pass,10,21.788403391838077,21.788403391838077,10
882,pipeline3,compiled,pass,10,19.976260140538216,19.976260140538216,10
883,pipeline3,compiled,pass,10,18.410298973321915,18.410298973321915,10
884,pipeline3,compiled,pass,10,17.17296615242958,17.17296615242958,10
885,pipeline3,compiled,pass,10,22.351626306772232,22.351626306772232,10
886,pipeline3,compiled,pass,10,24.62825179100037,24.62825179100037,10
887,pipeline3,compiled,pass,10,15.80595038831234,15.80595038831234,10
888,pipeline3,compiled,pass,10,16.542119905352592,16.542119905352592,10
889,pipeline3,compiled,pass,10,21.16880938410759,21.16880938410759,10
890,pipeline3,compiled,pass,10,18.2165801525116,18.2165801525116,10
891,pipeline3,compiled,pass,10,15.550076961517334,15.550076961517334,10
892,pipeline3,compiled,pass,10,20.652512088418007,20.652512088418007,10
893,pipeline3,compiled,pass,10,23.288549855351448,23.288549855351448,10
894,pipeline3,compiled,pass,10,17.780616879463196,17.780616879463196,10
895,pipeline3,compiled,pass,10,23.335814476013184,23.335814476013184,10
896,pipeline3,compiled,pass,10,22.963175550103188,22.963175550103188,10
897,pipeline3,compiled,pass,10,21.50788158178329,21.50788158178329,10
898,pipeline3,compiled,pass,10,17.46588386595249,17.46588386595249,10
899,pipeline3,compiled,pass,10,19.490433856844906,19.490433856844906,10
900,pipeline3,compiled,pass,100,23.956136777997017,23.956136777997017,100
901,pipeline3,compiled,pass,100,20.40736004710197,20.40736004710197,100
902,pipeline3,compiled,pass,100,18.13822239637375,18.13822239637375,100
903,pipeline3,compiled,pass,100,14.85169306397438,14.85169306397438,100
904,pipeline3,compiled,pass,100,18.49875971674919,18.49875971674919,100
905,pipeline3,compiled,pass,100,20.291103050112724,20.291103050112724,100
906,pipeline3,compiled,pass,100,16.201753169298172,16.201753169298172,100
907,pipeline3,compiled,pass,100,13.953596353530884,13.953596353530884,100
908,pipeline3,compiled,pass,100,17.399920150637627,17.399920150637627,100
909,pipeline3,compiled,pass,100,17.944935709238052,17.944935709238052,100
910,pipeline3,compiled,pass,100,17.887869849801064,17.887869849801064,100
911,pipeline3,compiled,pass,100,19.670620560646057,19.670620560646057,100
912,pipeline3,compiled,pass,100,22.960886359214783,22.960886359214783,100
913,pipeline3,compiled,pass,100,21.372662857174877,21.372662857174877,100
914,pipeline3,compiled,pass,100,21.967187523841854,21.967187523841854,100
915,pipeline3,compiled,pass,100,21.679483354091644,21.679483354091644,100
916,pipeline3,compiled,pass,100,20.270252600312237,20.270252600312237,100
917,pipeline3,compiled,pass,100,21.80350199341774,21.80350199341774,100
918,pipeline3,compiled,pass,100,22.53396436572075,22.53396436572075,100
919,pipeline3,compiled,pass,100,22.08435721695423,22.08435721695423,100
920,pipeline3,compiled,pass,100,20.252756774425507,20.252756774425507,100
921,pipeline3,compiled,pass,100,23.5323328524828,23.5323328524828,100
922,pipeline3,compiled,pass,100,18.72337982058525,18.72337982058525,100
923,pipeline3,compiled,pass,100,19.93785612285137,19.93785612285137,100
924,pipeline3,compiled,pass,100,21.53820171952248,21.53820171952248,100
925,pipeline3,compiled,pass,100,17.684385180473328,17.684385180473328,100
926,pipeline3,compiled,pass,100,20.829200744628903,20.829200744628903,100
927,pipeline3,compiled,pass,100,22.52455987036228,22.52455987036228,100
928,pipeline3,compiled,pass,100,20.53975500166416,20.53975500166416,100
929,pipeline3,compiled,pass,100,19.784241914749146,19.784241914749146,100
930,pipeline3,compiled,pass,1000,59.26343612372875,59.26343612372875,1000
931,pipeline3,compiled,pass,1000,36.68343834578991,36.68343834578991,1000
932,pipeline3,compiled,pass,1000,38.46695460379124,38.46695460379124,1000
933,pipeline3,compiled,pass,1000,38.45608048141003,38.45608048141003,1000
934,pipeline3,compiled,pass,1000,39.47127424180508,39.47127424180508,1000
935,pipeline3,compiled,pass,1000,39.31030072271824,39.31030072271824,1000
936,pipeline3,compiled,pass,1000,40.589869022369385,40.589869022369385,1000
937,pipeline3,compiled,pass,1000,35.080475732684135,35.080475732684135,1000
938,pipeline3,compiled,pass,1000,35.155532881617546,35.155532881617546,1000
939,pipeline3,compiled,pass,1000,35.819726064801216,35.819726064801216,1000
940,pipeline3,compiled,pass,1000,36.52775287628174,36.52775287628174,1000
941,pipeline3,compiled,pass,1000,37.27241605520248,37.27241605520248,1000
942,pipeline3,compiled,pass,1000,36.55761480331421,36.55761480331421,1000
943,pipeline3,compiled,pass,1000,39.481399580836296,39.481399580836296,1000
944,pipeline3,compiled,pass,1000,41.2569846957922,41.2569846957922,1000
945,pipeline3,compiled,pass,1000,43.673405423760414,43.673405423760414,1000
946,pipeline3,compiled,pass,1000,40.07095284759998,40.07095284759998,1000
947,pipeline3,compiled,pass,1000,36.96247935295105,36.96247935295105,1000
948,pipeline3,compiled,pass,1000,34.818416461348534,34.818416461348534,1000
949,pipeline3,compiled,pass,1000,40.66703096032143,40.66703096032143,1000
950,pipeline3,compiled,pass,1000,35.34233570098877,35.34233570098877,1000
951,pipeline3,compiled,pass,1000,41.01878963410854,41.01878963410854,1000
952,pipeline3,compiled,pass,1000,38.13918307423592,38.13918307423592,1000
953,pipeline3,compiled,pass,1000,41.2315484136343,41.2315484136343,1000
954,pipeline3,compiled,pass,1000,36.19218803942204,36.19218803942204,1000
955,pipeline3,compiled,pass,1000,33.905068412423134,33.905068412423134,1000
956,pipeline3,compiled,pass,1000,42.139578610658646,42.139578610658646,1000
957,pipeline3,compiled,pass,1000,39.26806338131428,39.26806338131428,1000
958,pipeline3,compiled,pass,1000,37.02307865023613,37.02307865023613,1000
959,pipeline3,compiled,pass,1000,36.11158952116966,36.11158952116966,1000
